label,raw_rows,kept_rows,dropped_rows,drop_rate
0,266,262,4,0.015037593984962405
1,23,21,2,0.08695652173913043
2,282,281,1,0.0035460992907801418
